date,store_id,store_location,sales_usd,weekday,month,is_weekend,sales_lag_1,sales_lag_7,sales_lag_14,rolling_7,rolling_28
2023-01-29,3,Astoria,820.7,6,1,1,733.25,742.8,1348.93,863.7428571428571,886.4592857142858
2023-01-30,3,Astoria,870.6,0,1,0,820.7,928.3,1027.33,874.8714285714285,884.7557142857142
2023-01-31,3,Astoria,801.5,1,1,0,870.6,922.05,1075.4,866.6285714285714,882.795
2023-02-01,3,Astoria,833.7,2,2,0,801.5,942.0,1064.03,849.407142857143,879.1789285714285
2023-02-02,3,Astoria,944.8,3,2,0,833.7,939.25,1079.38,833.9357142857143,880.0878571428572
2023-02-03,3,Astoria,940.2,4,2,0,944.8,838.55,871.43,834.7285714285715,881.5789285714285
2023-02-04,3,Astoria,825.95,5,2,1,940.2,733.25,992.35,849.25,889.5842857142858
2023-02-05,3,Astoria,871.25,6,2,1,825.95,820.7,742.8,862.4928571428571,890.2503571428572
2023-02-06,3,Astoria,655.35,0,2,0,871.25,870.6,928.3,869.7142857142857,893.0396428571429
2023-02-07,3,Astoria,804.3,1,2,0,655.35,801.5,922.05,838.9642857142857,888.8017857142858
2023-02-08,3,Astoria,928.8,2,2,0,804.3,833.7,942.0,839.3642857142858,883.7053571428571
2023-02-09,3,Astoria,866.8,3,2,0,928.8,944.8,939.25,852.9499999999999,890.4428571428571
2023-02-10,3,Astoria,868.0,4,2,0,866.8,940.2,838.55,841.8071428571428,897.8035714285714
2023-02-11,3,Astoria,670.05,5,2,1,868.0,825.95,733.25,831.4928571428571,903.5964285714286
2023-02-12,3,Astoria,680.6,6,2,1,670.05,871.25,820.7,809.2214285714286,900.2517857142857
2023-02-13,3,Astoria,641.9,0,2,0,680.6,655.35,870.6,781.9857142857144,876.3828571428572
2023-02-14,3,Astoria,747.05,1,2,0,641.9,804.3,801.5,780.0642857142857,862.6175000000001
2023-02-15,3,Astoria,1254.95,2,2,0,747.05,928.8,833.7,771.8857142857142,850.8907142857142
2023-02-16,3,Astoria,1191.3,3,2,0,1254.95,866.8,944.8,818.4785714285714,857.7092857142858
2023-02-17,3,Astoria,967.6,4,2,0,1191.3,868.0,940.2,864.8357142857143,861.7064285714285
2023-02-18,3,Astoria,1069.53,5,2,1,967.6,670.05,825.95,879.0642857142857,865.1410714285713
2023-02-19,3,Astoria,1164.4,6,2,1,1069.53,680.6,871.25,936.1328571428572,867.8975
2023-02-20,3,Astoria,760.23,0,2,0,1164.4,641.9,655.35,1005.2471428571428,882.9546428571429
2023-02-21,3,Astoria,870.48,1,2,0,760.23,747.05,804.3,1022.1514285714285,876.9521428571428
2023-02-22,3,Astoria,1037.5,2,2,0,870.48,1254.95,928.8,1039.7842857142857,875.110357142857
2023-02-23,3,Astoria,904.5,3,2,0,1037.5,1191.3,866.8,1008.72,878.5210714285713
2023-02-24,3,Astoria,986.9,4,2,0,904.5,967.6,868.0,967.7485714285714,877.2799999999999
2023-02-25,3,Astoria,813.55,5,2,1,986.9,1069.53,670.05,970.5057142857142,882.5782142857142
2023-02-26,3,Astoria,1030.9,6,2,1,813.55,1164.4,680.6,933.9371428571429,885.4460714285714
2023-02-27,3,Astoria,931.85,0,2,0,1030.9,760.23,641.9,914.8657142857143,892.9532142857142
2023-02-28,3,Astoria,842.9,1,2,0,931.85,870.48,747.05,939.3828571428572,895.1407142857142
2023-03-01,3,Astoria,1021.1,2,3,0,842.9,1037.5,1254.95,935.4428571428572,896.6192857142858
2023-03-02,3,Astoria,1088.4,3,3,0,1021.1,904.5,1191.3,933.1,903.3121428571428
2023-03-03,3,Astoria,1160.35,4,3,0,1088.4,986.9,967.6,959.3714285714286,908.4407142857143
2023-03-04,3,Astoria,1008.75,5,3,1,1160.35,813.55,1069.53,984.15,916.3032142857143
2023-03-05,3,Astoria,1097.15,6,3,1,1008.75,1030.9,1164.4,1012.0357142857143,922.8317857142856
2023-03-06,3,Astoria,732.75,0,3,0,1097.15,931.85,760.23,1021.5,930.8996428571428
2023-03-07,3,Astoria,921.3,1,3,0,732.75,842.9,870.48,993.0571428571428,933.6639285714285
2023-03-08,3,Astoria,1209.08,2,3,0,921.3,1021.1,1037.5,1004.2571428571429,937.8425
2023-03-09,3,Astoria,908.83,3,3,0,1209.08,1088.4,904.5,1031.1114285714286,947.8525000000001
2023-03-10,3,Astoria,1081.2,4,3,0,908.83,1160.35,986.9,1005.4585714285713,949.3535714285714
2023-03-11,3,Astoria,995.25,5,3,1,1081.2,1008.75,813.55,994.1514285714285,956.967857142857
2023-03-12,3,Astoria,664.13,6,3,1,995.25,1097.15,1030.9,992.222857142857,968.5821428571428
2023-03-13,3,Astoria,846.1,0,3,0,664.13,732.75,931.85,930.3628571428571,967.9939285714287
2023-03-14,3,Astoria,966.55,1,3,0,846.1,921.3,842.9,946.5557142857142,975.2867857142857
2023-03-15,3,Astoria,1417.45,2,3,0,966.55,1209.08,1021.1,953.0200000000001,983.1260714285714
2023-03-16,3,Astoria,1149.13,3,3,0,1417.45,908.83,1088.4,982.7871428571428,988.9296428571428
2023-03-17,3,Astoria,1440.45,4,3,0,1149.13,1081.2,1160.35,1017.1157142857144,987.4235714285714
2023-03-18,3,Astoria,1207.58,5,3,1,1440.45,995.25,1008.75,1068.4371428571428,1004.3110714285715
2023-03-19,3,Astoria,1488.5,6,3,1,1207.58,664.13,1097.15,1098.77,1009.2414285714285
2023-03-20,3,Astoria,1113.08,0,3,0,1488.5,846.1,732.75,1216.537142857143,1020.8164285714286
2023-03-21,3,Astoria,835.85,1,3,0,1113.08,966.55,921.3,1254.6771428571428,1033.4182142857144
2023-03-22,3,Astoria,1124.55,2,3,0,835.85,1417.45,1209.08,1236.0057142857142,1032.1814285714286
2023-03-23,3,Astoria,1060.55,3,3,0,1124.55,1149.13,908.83,1194.162857142857,1035.2903571428571
2023-03-24,3,Astoria,1123.2,4,3,0,1060.55,1440.45,1081.2,1181.5085714285713,1040.8635714285713
2023-03-25,3,Astoria,1025.75,5,3,1,1123.2,1207.58,995.25,1136.1871428571428,1045.7314285714285
2023-03-26,3,Astoria,1208.65,6,3,1,1025.75,1488.5,664.13,1110.2114285714285,1053.31
2023-03-27,3,Astoria,1124.0,0,3,0,1208.65,1113.08,846.1,1070.2328571428573,1059.6582142857144
2023-03-28,3,Astoria,954.75,1,3,0,1124.0,835.85,966.55,1071.7928571428572,1066.5207142857143
2023-03-29,3,Astoria,978.8,2,3,0,954.75,1124.55,1417.45,1088.7785714285715,1070.515357142857
2023-03-30,3,Astoria,967.05,3,3,0,978.8,1060.55,1149.13,1067.9571428571428,1069.004642857143
2023-03-31,3,Astoria,915.15,4,3,0,967.05,1123.2,1440.45,1054.6000000000001,1064.6707142857142
2023-04-01,3,Astoria,1316.5,5,4,1,915.15,1025.75,1207.58,1024.8785714285714,1055.9135714285715
2023-04-02,3,Astoria,1351.35,6,4,1,1316.5,1208.65,1488.5,1066.4142857142856,1066.904642857143
2023-04-03,3,Astoria,1333.4,0,4,0,1351.35,1124.0,1113.08,1086.8,1075.9832142857142
2023-04-04,3,Astoria,1150.75,1,4,0,1333.4,954.75,835.85,1116.7142857142858,1097.435
2023-04-05,3,Astoria,1242.15,2,4,0,1150.75,978.8,1124.55,1144.7142857142858,1105.629642857143
2023-04-06,3,Astoria,1002.95,3,4,0,1242.15,967.05,1060.55,1182.3357142857144,1106.810714285714
2023-04-07,3,Astoria,1138.6,4,4,0,1002.95,915.15,1123.2,1187.4642857142858,1110.172142857143
2023-04-08,3,Astoria,1631.93,5,4,1,1138.6,1316.5,1025.75,1219.3857142857144,1112.222142857143
2023-04-09,3,Astoria,1192.18,6,4,1,1631.93,1351.35,1208.65,1264.447142857143,1134.9607142857144
2023-04-10,3,Astoria,1355.45,0,4,0,1192.18,1333.4,1124.0,1241.7085714285713,1153.8196428571428
2023-04-11,3,Astoria,1295.0,1,4,0,1355.45,1150.75,954.75,1244.8585714285714,1172.0107142857144
2023-04-12,3,Astoria,958.63,2,4,0,1295.0,1242.15,978.8,1265.4657142857143,1183.7410714285713
2023-04-13,3,Astoria,1069.7,3,4,0,958.63,1002.95,967.05,1224.962857142857,1167.3546428571428
2023-04-14,3,Astoria,1195.83,4,4,0,1069.7,1138.6,915.15,1234.4985714285715,1164.517857142857
2023-04-15,3,Astoria,1622.66,5,4,1,1195.83,1631.93,1316.5,1242.6742857142858,1155.7814285714285
2023-04-16,3,Astoria,1482.08,6,4,1,1622.66,1192.18,1351.35,1241.3500000000001,1170.6057142857142
2023-04-17,3,Astoria,1543.6,0,4,0,1482.08,1355.45,1333.4,1282.7642857142857,1170.3764285714285
2023-04-18,3,Astoria,1608.79,1,4,0,1543.6,1295.0,1150.75,1309.642857142857,1185.7521428571429
2023-04-19,3,Astoria,1738.93,2,4,0,1608.79,958.63,1242.15,1354.4699999999998,1213.357142857143
2023-04-20,3,Astoria,1163.95,3,4,0,1738.93,1069.7,1002.95,1465.9414285714286,1235.2992857142856
2023-04-21,3,Astoria,1101.88,4,4,0,1163.95,1195.83,1138.6,1479.4057142857143,1238.9921428571429
2023-04-22,3,Astoria,1291.95,5,4,1,1101.88,1622.66,1631.93,1465.9842857142855,1238.2307142857142
2023-04-23,3,Astoria,1384.05,6,4,1,1291.95,1482.08,1192.18,1418.74,1247.737857142857
2023-04-24,3,Astoria,1539.8,0,4,0,1384.05,1543.6,1355.45,1404.7357142857143,1254.002142857143
2023-04-25,3,Astoria,1306.1,1,4,0,1539.8,1608.79,1295.0,1404.1928571428573,1268.8521428571428
2023-04-26,3,Astoria,1447.5,2,4,0,1306.1,1738.93,958.63,1360.9514285714286,1281.4003571428573
2023-04-27,3,Astoria,1439.55,3,4,0,1447.5,1163.95,1069.7,1319.3185714285714,1298.139642857143
2023-04-28,3,Astoria,1172.7,4,4,0,1439.55,1101.88,1195.83,1358.69,1315.0146428571427
2023-04-29,3,Astoria,1124.05,5,4,1,1172.7,1291.95,1622.66,1368.8071428571432,1324.2128571428573
2023-04-30,3,Astoria,1275.6,6,4,1,1124.05,1384.05,1482.08,1344.8214285714287,1317.339642857143
2023-05-01,3,Astoria,1657.65,0,5,0,1275.6,1539.8,1543.6,1329.3285714285714,1314.6342857142856
2023-05-02,3,Astoria,1758.45,1,5,0,1657.65,1306.1,1608.79,1346.1642857142856,1326.214642857143
2023-05-03,3,Astoria,1760.45,2,5,0,1758.45,1447.5,1738.93,1410.7857142857142,1347.9182142857146
2023-05-04,3,Astoria,1709.85,3,5,0,1760.45,1439.55,1163.95,1455.4928571428572,1366.4289285714287
2023-05-05,3,Astoria,1726.65,4,5,0,1709.85,1172.7,1101.88,1494.107142857143,1391.675357142857
2023-05-06,3,Astoria,1293.05,5,5,1,1726.65,1124.05,1291.95,1573.2428571428572,1412.6771428571428
2023-05-07,3,Astoria,1416.6,6,5,1,1293.05,1275.6,1384.05,1597.3857142857144,1400.5742857142857
2023-05-08,3,Astoria,1967.68,0,5,0,1416.6,1657.65,1539.8,1617.5285714285715,1408.5892857142858
2023-05-09,3,Astoria,1362.11,1,5,0,1967.68,1758.45,1306.1,1661.8185714285717,1430.454642857143
2023-05-10,3,Astoria,1716.9,2,5,0,1362.11,1760.45,1447.5,1605.1985714285713,1432.8514285714286
2023-05-11,3,Astoria,1395.0,3,5,0,1716.9,1709.85,1439.55,1598.9771428571428,1459.9325000000001
2023-05-12,3,Astoria,1175.08,4,5,0,1395.0,1726.65,1172.7,1553.9985714285717,1471.550357142857
2023-05-13,3,Astoria,1299.85,5,5,1,1175.08,1293.05,1124.05,1475.2028571428568,1470.8092857142856
2023-05-14,3,Astoria,1482.0,6,5,1,1299.85,1416.6,1275.6,1476.1742857142856,1459.2803571428572
2023-05-15,3,Astoria,2180.88,0,5,0,1482.0,1967.68,1657.65,1485.5171428571427,1459.2775
2023-05-16,3,Astoria,2042.15,1,5,0,2180.88,1362.11,1758.45,1515.9742857142858,1482.0375000000001
2023-05-17,3,Astoria,1942.5,2,5,0,2042.15,1716.9,1760.45,1613.1228571428571,1497.514642857143
2023-05-18,3,Astoria,1965.94,3,5,0,1942.5,1395.0,1709.85,1645.3514285714284,1504.7849999999999
2023-05-19,3,Astoria,2184.7,4,5,0,1965.94,1175.08,1726.65,1726.9142857142856,1533.4275
2023-05-20,3,Astoria,1798.73,5,5,1,2184.7,1299.85,1293.05,1871.1457142857141,1572.099642857143
2023-05-21,3,Astoria,1568.78,6,5,1,1798.73,1482.0,1416.6,1942.4142857142858,1590.1989285714285
2023-05-22,3,Astoria,1773.15,0,5,0,1568.78,2180.88,1967.68,1954.8114285714287,1596.7964285714284
2023-05-23,3,Astoria,1653.1,1,5,0,1773.15,2042.15,1362.11,1896.5642857142855,1605.1303571428573
2023-05-24,3,Astoria,1889.65,2,5,0,1653.1,1942.5,1716.9,1840.9857142857143,1617.5232142857144
2023-05-25,3,Astoria,1628.15,3,5,0,1889.65,1965.94,1395.0,1833.435714285714,1633.3142857142855
2023-05-26,3,Astoria,1826.65,4,5,0,1628.15,2184.7,1175.08,1785.18,1640.05
2023-05-27,3,Astoria,1661.05,5,5,1,1826.65,1798.73,1299.85,1734.0300000000002,1663.4053571428572
2023-05-28,3,Astoria,1612.85,6,5,1,1661.05,1568.78,1482.0,1714.3614285714284,1682.5839285714285
2023-05-29,3,Astoria,1637.1,0,5,0,1612.85,1773.15,2180.88,1720.6571428571428,1694.6285714285716
2023-05-30,3,Astoria,1670.95,1,5,0,1637.1,1653.1,2042.15,1701.2214285714288,1693.894642857143
2023-05-31,3,Astoria,1671.11,2,5,0,1670.95,1889.65,1942.5,1703.7714285714285,1690.769642857143
2023-06-01,3,Astoria,1794.85,3,6,0,1671.11,1628.15,1965.94,1672.5514285714287,1687.5789285714286
2023-06-02,3,Astoria,1915.45,4,6,0,1794.85,1826.65,2184.7,1696.3657142857141,1690.6146428571428
2023-06-03,3,Astoria,1953.5,5,6,1,1915.45,1661.05,1798.73,1709.0514285714285,1697.3575
2023-06-04,3,Astoria,1760.9,6,6,1,1953.5,1612.85,1568.78,1750.83,1720.9450000000002
2023-06-05,3,Astoria,1842.45,0,6,0,1760.9,1637.1,1773.15,1771.98,1733.2414285714283
2023-06-06,3,Astoria,1397.1,1,6,0,1842.45,1670.95,1653.1,1801.3157142857142,1728.7689285714284
2023-06-07,3,Astoria,1555.55,2,6,0,1397.1,1671.11,1889.65,1762.1942857142858,1730.0185714285712
2023-06-08,3,Astoria,2168.68,3,6,0,1555.55,1794.85,1628.15,1745.685714285714,1724.2560714285717
2023-06-09,3,Astoria,1518.48,4,6,0,2168.68,1915.45,1826.65,1799.09,1751.8875000000003
2023-06-10,3,Astoria,1749.45,5,6,1,1518.48,1953.5,1661.05,1742.3799999999999,1764.1517857142858
2023-06-11,3,Astoria,1703.65,6,6,1,1749.45,1760.9,1612.85,1713.23,1780.2089285714285
2023-06-12,3,Astoria,1244.6,0,6,0,1703.65,1842.45,1637.1,1705.0514285714285,1788.125
2023-06-13,3,Astoria,1439.45,1,6,0,1244.6,1397.1,1670.95,1619.6442857142858,1754.6864285714285
2023-06-14,3,Astoria,1588.55,2,6,0,1439.45,1555.55,1671.11,1625.6942857142858,1733.1614285714284
2023-06-15,3,Astoria,2373.21,3,6,0,1588.55,2168.68,1794.85,1630.4085714285716,1720.5203571428572
2023-06-16,3,Astoria,2229.8,4,6,0,2373.21,1518.48,1915.45,1659.6271428571429,1735.0657142857144
2023-06-17,3,Astoria,2072.65,5,6,1,2229.8,1749.45,1953.5,1761.2442857142858,1736.6764285714285
2023-06-18,3,Astoria,2044.88,6,6,1,2072.65,1703.65,1760.9,1807.4157142857143,1746.4592857142857
2023-06-19,3,Astoria,2546.43,0,6,0,2044.88,1244.6,1842.45,1856.1628571428573,1763.462857142857
2023-06-20,3,Astoria,1679.38,1,6,0,2546.43,1439.45,1397.1,2042.1385714285716,1791.08
2023-06-21,3,Astoria,1614.25,2,6,0,1679.38,1588.55,1555.55,2076.4142857142856,1792.0185714285715
2023-06-22,3,Astoria,1912.05,3,6,0,1614.25,2373.21,2168.68,2080.0857142857144,1782.1828571428573
2023-06-23,3,Astoria,1864.4,4,6,0,1912.05,2229.8,1518.48,2014.205714285714,1792.3221428571428
2023-06-24,3,Astoria,2117.55,5,6,1,1864.4,2072.65,1749.45,1962.0057142857145,1793.670357142857
2023-06-25,3,Astoria,1740.7,6,6,1,2117.55,2044.88,1703.65,1968.42,1809.9739285714288
2023-06-26,3,Astoria,1975.1,0,6,0,1740.7,2546.43,1244.6,1924.9657142857143,1814.5399999999997
2023-06-27,3,Astoria,1861.55,1,6,0,1975.1,1679.38,1439.45,1843.347142857143,1826.6114285714284
2023-06-28,3,Astoria,1758.1,2,6,0,1861.55,1614.25,1588.55,1869.3714285714286,1833.4185714285716
2023-06-29,3,Astoria,1852.75,3,6,0,1758.1,1912.05,2373.21,1889.9214285714286,1836.525357142857
2023-06-30,3,Astoria,1807.65,4,6,0,1852.75,1864.4,2229.8,1881.4500000000003,1838.5932142857143
2023-01-29,5,Lower Manhattan,627.9,6,1,1,604.2,1003.08,856.35,983.79,871.9246428571429
2023-01-30,5,Lower Manhattan,737.41,0,1,0,627.9,898.75,850.68,930.1928571428572,866.1942857142858
2023-01-31,5,Lower Manhattan,764.23,1,1,0,737.41,1105.8,788.9,907.1442857142857,869.35
2023-02-01,5,Lower Manhattan,783.2,2,2,0,764.23,1063.85,825.83,858.3485714285714,869.6439285714285
2023-02-02,5,Lower Manhattan,678.15,3,2,0,783.2,1067.35,788.05,818.2557142857144,875.1082142857143
2023-02-03,5,Lower Manhattan,755.25,4,2,0,678.15,1143.5,791.55,762.6557142857143,870.7242857142857
2023-02-04,5,Lower Manhattan,881.1,5,2,1,755.25,604.2,1015.0,707.1914285714286,869.4617857142857
2023-02-05,5,Lower Manhattan,724.1,6,2,1,881.1,627.9,1003.08,746.7485714285714,872.7778571428572
2023-02-06,5,Lower Manhattan,751.9,0,2,0,724.1,737.41,898.75,760.4914285714285,863.9046428571428
2023-02-07,5,Lower Manhattan,737.0,1,2,0,751.9,764.23,1105.8,762.5614285714286,854.7510714285715
2023-02-08,5,Lower Manhattan,883.7,2,2,0,737.0,783.2,1063.85,758.6714285714287,847.8385714285714
2023-02-09,5,Lower Manhattan,884.58,3,2,0,883.7,678.15,1067.35,773.0285714285714,849.3617857142856
2023-02-10,5,Lower Manhattan,961.3,4,2,0,884.58,755.25,1143.5,802.5185714285715,848.2717857142858
2023-02-11,5,Lower Manhattan,825.48,5,2,1,961.3,881.1,604.2,831.9542857142858,848.1324999999999
2023-02-12,5,Lower Manhattan,1087.6,6,2,1,825.48,724.1,627.9,824.0085714285714,849.9353571428571
2023-02-13,5,Lower Manhattan,1018.43,0,2,0,1087.6,751.9,737.41,875.9371428571428,858.1942857142858
2023-02-14,5,Lower Manhattan,763.23,1,2,0,1018.43,737.0,764.23,914.0128571428571,864.1853571428572
2023-02-15,5,Lower Manhattan,822.85,2,2,0,763.23,883.7,783.2,917.7600000000001,863.2685714285715
2023-02-16,5,Lower Manhattan,923.8,3,2,0,822.85,884.58,678.15,909.0671428571428,863.1621428571428
2023-02-17,5,Lower Manhattan,695.55,4,2,0,923.8,961.3,755.25,914.67,868.0103571428571
2023-02-18,5,Lower Manhattan,746.45,5,2,1,695.55,825.48,881.1,876.7057142857142,864.5817857142856
2023-02-19,5,Lower Manhattan,891.0,6,2,1,746.45,1087.6,724.1,865.4157142857142,854.9907142857143
2023-02-20,5,Lower Manhattan,1056.75,0,2,0,891.0,1018.43,751.9,837.3299999999999,850.9878571428571
2023-02-21,5,Lower Manhattan,954.4,1,2,0,1056.75,763.23,737.0,842.8042857142857,856.6307142857142
2023-02-22,5,Lower Manhattan,1060.5,2,2,0,954.4,822.85,883.7,870.1142857142856,851.2235714285715
2023-02-23,5,Lower Manhattan,952.73,3,2,0,1060.5,923.8,884.58,904.0642857142858,851.1039285714286
2023-02-24,5,Lower Manhattan,1138.7,4,2,0,952.73,695.55,961.3,908.1971428571429,847.0103571428572
2023-02-25,5,Lower Manhattan,1156.65,5,2,1,1138.7,746.45,825.48,971.5042857142856,846.8389285714286
2023-02-26,5,Lower Manhattan,997.4,6,2,1,1156.65,891.0,1087.6,1030.1042857142859,866.5692857142857
2023-02-27,5,Lower Manhattan,1469.25,0,2,0,997.4,1056.75,1018.43,1045.3042857142857,879.7657142857142
2023-02-28,5,Lower Manhattan,719.0,1,2,0,1469.25,954.4,763.23,1104.2328571428573,905.9028571428571
2023-03-01,5,Lower Manhattan,978.7,2,3,0,719.0,1060.5,822.85,1070.6042857142859,904.2875
2023-03-02,5,Lower Manhattan,886.9,3,3,0,978.7,952.73,923.8,1058.9185714285713,911.2696428571428
2023-03-03,5,Lower Manhattan,957.25,4,3,0,886.9,1138.7,695.55,1049.5142857142857,918.725
2023-03-04,5,Lower Manhattan,904.75,5,3,1,957.25,1156.65,746.45,1023.5928571428573,925.9392857142857
2023-03-05,5,Lower Manhattan,944.15,6,3,1,904.75,997.4,891.0,987.6071428571429,926.7839285714284
2023-03-06,5,Lower Manhattan,950.35,0,3,0,944.15,1469.25,1056.75,980.0,934.6428571428571
2023-03-07,5,Lower Manhattan,746.15,1,3,0,950.35,719.0,954.4,905.8714285714286,941.7303571428571
2023-03-08,5,Lower Manhattan,1130.1,2,3,0,746.15,978.7,1060.5,909.75,942.0571428571428
2023-03-09,5,Lower Manhattan,1282.44,3,3,0,1130.1,886.9,952.73,931.3785714285714,950.8571428571429
2023-03-10,5,Lower Manhattan,1108.2,4,3,0,1282.44,957.25,1138.7,987.8842857142856,965.0664285714286
2023-03-11,5,Lower Manhattan,1075.6,5,3,1,1108.2,904.75,1156.65,1009.4485714285713,970.3128571428572
2023-03-12,5,Lower Manhattan,1146.15,6,3,1,1075.6,944.15,997.4,1033.8557142857142,979.2457142857144
2023-03-13,5,Lower Manhattan,1340.65,0,3,0,1146.15,950.35,1469.25,1062.712857142857,981.3367857142857
2023-03-14,5,Lower Manhattan,966.28,1,3,0,1340.65,746.15,719.0,1118.47,992.8446428571427
2023-03-15,5,Lower Manhattan,915.3,2,3,0,966.28,1130.1,978.7,1149.9171428571428,1000.0964285714284
2023-03-16,5,Lower Manhattan,1094.55,3,3,0,915.3,1282.44,886.9,1119.2314285714285,1003.3982142857143
2023-03-17,5,Lower Manhattan,952.85,4,3,0,1094.55,1108.2,957.25,1092.3899999999999,1009.4964285714286
2023-03-18,5,Lower Manhattan,1037.53,5,3,1,952.85,1075.6,904.75,1070.1971428571428,1018.6857142857143
2023-03-19,5,Lower Manhattan,766.35,6,3,1,1037.53,1146.15,944.15,1064.7585714285713,1029.0814285714287
2023-03-20,5,Lower Manhattan,1035.1,0,3,0,766.35,1340.65,950.35,1010.5014285714286,1024.629642857143
2023-03-21,5,Lower Manhattan,1057.25,1,3,0,1035.1,966.28,746.15,966.8514285714284,1023.8564285714285
2023-03-22,5,Lower Manhattan,1235.66,2,3,0,1057.25,915.3,1130.1,979.8471428571429,1027.5296428571428
2023-03-23,5,Lower Manhattan,1158.25,3,3,0,1235.66,1094.55,1282.44,1025.6128571428571,1033.785357142857
2023-03-24,5,Lower Manhattan,1447.1,4,3,0,1158.25,952.85,1108.2,1034.712857142857,1041.1253571428572
2023-03-25,5,Lower Manhattan,1348.9,5,3,1,1447.1,1037.53,1075.6,1105.32,1052.139642857143
2023-03-26,5,Lower Manhattan,1130.55,6,3,1,1348.9,766.35,1146.15,1149.8014285714285,1059.0057142857142
2023-03-27,5,Lower Manhattan,1489.75,0,3,0,1130.55,1035.1,1340.65,1201.83,1063.7610714285715
2023-03-28,5,Lower Manhattan,945.25,1,3,0,1489.75,1057.25,966.28,1266.78,1064.4932142857144
2023-03-29,5,Lower Manhattan,840.3,2,3,0,945.25,1235.66,915.3,1250.78,1072.5735714285715
2023-03-30,5,Lower Manhattan,966.79,3,3,0,840.3,1158.25,1094.55,1194.3,1067.6307142857142
2023-03-31,5,Lower Manhattan,1049.53,4,3,0,966.79,1447.1,952.85,1166.9485714285713,1070.4839285714286
2023-04-01,5,Lower Manhattan,1168.05,5,4,1,1049.53,1348.9,1037.53,1110.152857142857,1073.779642857143
2023-04-02,5,Lower Manhattan,1002.2,6,4,1,1168.05,1130.55,766.35,1084.3171428571427,1083.1832142857143
2023-04-03,5,Lower Manhattan,1127.55,0,4,0,1002.2,1489.75,1035.1,1065.9814285714288,1085.2564285714286
2023-04-04,5,Lower Manhattan,1092.0,1,4,0,1127.55,945.25,1057.25,1014.2385714285714,1091.585
2023-04-05,5,Lower Manhattan,1202.25,2,4,0,1092.0,840.3,1235.66,1035.202857142857,1103.9367857142856
2023-04-06,5,Lower Manhattan,1080.25,3,4,0,1202.25,966.79,1158.25,1086.91,1106.5135714285714
2023-04-07,5,Lower Manhattan,1014.75,4,4,0,1080.25,1049.53,1447.1,1103.1185714285714,1099.2925
2023-04-08,5,Lower Manhattan,1513.35,5,4,1,1014.75,1168.05,1348.9,1098.1499999999999,1095.955
2023-04-09,5,Lower Manhattan,1465.3,6,4,1,1513.35,1002.2,1130.55,1147.4785714285715,1111.5889285714286
2023-04-10,5,Lower Manhattan,1453.8,0,4,0,1465.3,1127.55,1489.75,1213.6357142857141,1122.9871428571428
2023-04-11,5,Lower Manhattan,1195.83,1,4,0,1453.8,1092.0,945.25,1260.2428571428572,1127.0282142857143
2023-04-12,5,Lower Manhattan,1512.55,2,4,0,1195.83,1202.25,840.3,1275.0757142857144,1135.2264285714286
2023-04-13,5,Lower Manhattan,1247.43,3,4,0,1512.55,1080.25,966.79,1319.4042857142856,1156.5567857142855
2023-04-14,5,Lower Manhattan,1116.96,4,4,0,1247.43,1014.75,1049.53,1343.287142857143,1162.0167857142856
2023-04-15,5,Lower Manhattan,1270.05,5,4,1,1116.96,1513.35,1168.05,1357.8885714285714,1167.8778571428572
2023-04-16,5,Lower Manhattan,1462.88,6,4,1,1270.05,1465.3,1002.2,1323.1314285714286,1176.1821428571427
2023-04-17,5,Lower Manhattan,1150.05,0,4,0,1462.88,1453.8,1127.55,1322.7857142857142,1201.0582142857143
2023-04-18,5,Lower Manhattan,1164.68,1,4,0,1150.05,1195.83,1092.0,1279.392857142857,1205.1635714285715
2023-04-19,5,Lower Manhattan,1130.2,2,4,0,1164.68,1512.55,1202.25,1274.9428571428573,1209.0003571428572
2023-04-20,5,Lower Manhattan,1443.43,3,4,0,1130.2,1247.43,1080.25,1220.3214285714287,1205.2339285714286
2023-04-21,5,Lower Manhattan,1381.65,4,4,0,1443.43,1116.96,1014.75,1248.3214285714287,1215.4189285714288
2023-04-22,5,Lower Manhattan,1634.18,5,4,1,1381.65,1270.05,1513.35,1286.1342857142859,1213.0814285714284
2023-04-23,5,Lower Manhattan,1522.76,6,4,1,1634.18,1462.88,1465.3,1338.1528571428573,1223.2700000000002
2023-04-24,5,Lower Manhattan,1558.9,0,4,0,1522.76,1150.05,1453.8,1346.707142857143,1237.2775
2023-04-25,5,Lower Manhattan,1664.35,1,4,0,1558.9,1164.68,1195.83,1405.1142857142859,1239.7471428571428
2023-04-26,5,Lower Manhattan,1684.45,2,4,0,1664.35,1130.2,1512.55,1476.4957142857145,1265.4292857142857
2023-04-27,5,Lower Manhattan,1686.1,3,4,0,1684.45,1443.43,1247.43,1555.6742857142856,1295.5775
2023-04-28,5,Lower Manhattan,1111.15,4,4,0,1686.1,1381.65,1116.96,1590.3414285714287,1321.267142857143
2023-04-29,5,Lower Manhattan,936.9,5,4,1,1111.15,1634.18,1270.05,1551.6985714285713,1323.4678571428574
2023-04-30,5,Lower Manhattan,1165.33,6,4,1,936.9,1522.76,1462.88,1452.0871428571427,1315.2124999999999
2023-05-01,5,Lower Manhattan,1475.4,0,5,0,1165.33,1558.9,1150.05,1401.025714285714,1321.0385714285715
2023-05-02,5,Lower Manhattan,1276.5,1,5,0,1475.4,1664.35,1164.68,1389.097142857143,1333.4617857142857
2023-05-03,5,Lower Manhattan,1401.65,2,5,0,1276.5,1684.45,1130.2,1333.69,1340.0510714285715
2023-05-04,5,Lower Manhattan,1431.3,3,5,0,1401.65,1686.1,1443.43,1293.2900000000002,1347.1725000000001
2023-05-05,5,Lower Manhattan,1528.65,4,5,0,1431.3,1111.15,1381.65,1256.8899999999999,1359.7099999999998
2023-05-06,5,Lower Manhattan,1479.0,5,5,1,1528.65,936.9,1634.18,1316.532857142857,1378.0635714285713
2023-05-07,5,Lower Manhattan,1168.55,6,5,1,1479.0,1165.33,1522.76,1393.9757142857143,1376.8367857142857
2023-05-08,5,Lower Manhattan,1869.15,0,5,0,1168.55,1475.4,1558.9,1394.4357142857145,1366.2385714285715
2023-05-09,5,Lower Manhattan,1822.66,1,5,0,1869.15,1276.5,1664.35,1450.6857142857145,1381.0725000000002
2023-05-10,5,Lower Manhattan,1596.8,2,5,0,1822.66,1401.65,1684.45,1528.7085714285713,1403.4592857142857
2023-05-11,5,Lower Manhattan,1549.75,3,5,0,1596.8,1431.3,1686.1,1556.587142857143,1406.4682142857143
2023-05-12,5,Lower Manhattan,1609.65,4,5,0,1549.75,1528.65,1111.15,1573.5085714285717,1417.265357142857
2023-05-13,5,Lower Manhattan,1899.08,5,5,1,1609.65,1479.0,936.9,1585.0800000000002,1434.8614285714286
2023-05-14,5,Lower Manhattan,1590.94,6,5,1,1899.08,1168.55,1165.33,1645.0914285714287,1457.3267857142857
2023-05-15,5,Lower Manhattan,1611.45,0,5,0,1590.94,1869.15,1475.4,1705.432857142857,1461.900357142857
2023-05-16,5,Lower Manhattan,1684.2,1,5,0,1611.45,1822.66,1276.5,1668.6185714285714,1478.3789285714286
2023-05-17,5,Lower Manhattan,1684.15,2,5,0,1684.2,1596.8,1401.65,1648.8385714285716,1496.9332142857145
2023-05-18,5,Lower Manhattan,1668.2,3,5,0,1684.15,1549.75,1431.3,1661.3171428571427,1516.717142857143
2023-05-19,5,Lower Manhattan,1564.35,4,5,0,1668.2,1609.65,1528.65,1678.2385714285717,1524.7446428571427
2023-05-20,5,Lower Manhattan,1837.4,5,5,1,1564.35,1899.08,1479.0,1671.7671428571427,1531.2696428571428
2023-05-21,5,Lower Manhattan,1716.95,6,5,1,1837.4,1590.94,1168.55,1662.9557142857143,1538.5275
2023-05-22,5,Lower Manhattan,2257.06,0,5,0,1716.95,1611.45,1869.15,1680.9571428571428,1545.462857142857
2023-05-23,5,Lower Manhattan,1753.88,1,5,0,2257.06,1684.2,1822.66,1773.187142857143,1570.3971428571429
2023-05-24,5,Lower Manhattan,1968.6,2,5,0,1753.88,1684.15,1596.8,1783.1414285714286,1573.5946428571428
2023-05-25,5,Lower Manhattan,2005.3,3,5,0,1968.6,1668.2,1549.75,1823.777142857143,1583.742857142857
2023-05-26,5,Lower Manhattan,1967.0,4,5,0,2005.3,1564.35,1609.65,1871.9342857142856,1595.142857142857
2023-05-27,5,Lower Manhattan,2242.85,5,5,1,1967.0,1837.4,1899.08,1929.4557142857143,1625.7089285714285
2023-05-28,5,Lower Manhattan,1461.05,6,5,1,2242.85,1716.95,1590.94,1987.3771428571429,1672.3500000000001
2023-05-29,5,Lower Manhattan,1197.25,0,5,0,1461.05,2257.06,1611.45,1950.82,1682.9114285714288
2023-05-30,5,Lower Manhattan,1732.03,1,5,0,1197.25,1753.88,1684.2,1799.4185714285716,1672.9775000000002
2023-05-31,5,Lower Manhattan,1649.27,2,5,0,1732.03,1968.6,1684.15,1796.297142857143,1689.2464285714286
2023-06-01,5,Lower Manhattan,1602.95,3,6,0,1649.27,2005.3,1668.2,1750.6785714285713,1698.09
2023-06-02,5,Lower Manhattan,1439.45,4,6,0,1602.95,1967.0,1564.35,1693.2,1704.2203571428574
2023-06-03,5,Lower Manhattan,1600.35,5,6,1,1439.45,2242.85,1837.4,1617.8357142857144,1701.034642857143
2023-06-04,5,Lower Manhattan,1595.35,6,6,1,1600.35,1461.05,1716.95,1526.05,1705.3685714285714
2023-06-05,5,Lower Manhattan,1537.0,0,6,0,1595.35,1197.25,2257.06,1545.2357142857145,1720.6114285714284
2023-06-06,5,Lower Manhattan,1590.4,1,6,0,1537.0,1732.03,1753.88,1593.7714285714287,1708.7489285714287
2023-06-07,5,Lower Manhattan,1282.05,2,6,0,1590.4,1649.27,1968.6,1573.5385714285715,1700.4539285714286
2023-06-08,5,Lower Manhattan,1954.8,3,6,0,1282.05,1602.95,2005.3,1521.0785714285714,1689.212857142857
2023-06-09,5,Lower Manhattan,2159.08,4,6,0,1954.8,1439.45,1967.0,1571.3428571428574,1703.6789285714283
2023-06-10,5,Lower Manhattan,1886.6,5,6,1,2159.08,1600.35,2242.85,1674.1471428571426,1723.3014285714285
2023-06-11,5,Lower Manhattan,1712.43,6,6,1,1886.6,1595.35,1461.05,1715.0399999999997,1722.8557142857142
2023-06-12,5,Lower Manhattan,1977.5,0,6,0,1712.43,1537.0,1197.25,1731.7657142857145,1727.1946428571428
2023-06-13,5,Lower Manhattan,2215.11,1,6,0,1977.5,1590.4,1732.03,1794.6942857142858,1740.267857142857
2023-06-14,5,Lower Manhattan,1751.36,2,6,0,2215.11,1282.05,1649.27,1883.9385714285713,1759.2289285714285
2023-06-15,5,Lower Manhattan,1644.85,3,6,0,1751.36,1954.8,1602.95,1950.9828571428573,1761.6292857142855
2023-06-16,5,Lower Manhattan,1805.68,4,6,0,1644.85,2159.08,1439.45,1906.7042857142858,1760.795357142857
2023-06-17,5,Lower Manhattan,1724.85,5,6,1,1805.68,1886.6,1600.35,1856.2185714285713,1769.4142857142856
2023-06-18,5,Lower Manhattan,1805.28,6,6,1,1724.85,1712.43,1595.35,1833.1114285714286,1765.394642857143
2023-06-19,5,Lower Manhattan,1733.4,0,6,0,1805.28,1977.5,1537.0,1846.3757142857144,1768.5492857142858
2023-06-20,5,Lower Manhattan,1929.63,1,6,0,1733.4,2215.11,1590.4,1811.5042857142857,1749.847142857143
2023-06-21,5,Lower Manhattan,1890.3,2,6,0,1929.63,1751.36,1282.05,1770.7214285714285,1756.1239285714287
2023-06-22,5,Lower Manhattan,2145.95,3,6,0,1890.3,1644.85,1954.8,1790.57,1753.3275
2023-06-23,5,Lower Manhattan,1933.38,4,6,0,2145.95,1805.68,2159.08,1862.1557142857143,1758.3507142857143
2023-06-24,5,Lower Manhattan,2097.75,5,6,1,1933.38,1724.85,1886.6,1880.3985714285716,1757.1499999999999
2023-06-25,5,Lower Manhattan,2244.95,6,6,1,2097.75,1805.28,1712.43,1933.67,1751.9678571428572
2023-06-26,5,Lower Manhattan,2154.7,0,6,0,2244.95,1733.4,1977.5,1996.4799999999998,1779.9642857142858
2023-06-27,5,Lower Manhattan,2437.4,1,6,0,2154.7,1929.63,2215.11,2056.6657142857143,1814.1589285714285
2023-06-28,5,Lower Manhattan,1524.95,2,6,0,2437.4,1890.3,1751.36,2129.2042857142856,1839.3507142857143
2023-06-29,5,Lower Manhattan,1299.45,3,6,0,1524.95,2145.95,1644.85,2077.0114285714285,1834.9107142857142
2023-06-30,5,Lower Manhattan,1768.74,4,6,0,1299.45,1933.38,1805.68,1956.0828571428572,1824.0714285714287
2023-01-29,8,Hell's Kitchen,612.15,6,1,1,699.65,621.45,962.43,806.4971428571429,913.275
2023-01-30,8,Hell's Kitchen,868.4,0,1,0,612.15,1026.1,951.15,805.1685714285713,904.7285714285714
2023-01-31,8,Hell's Kitchen,768.4,1,1,0,868.4,841.1,1421.5,782.6400000000001,906.1428571428571
2023-02-01,8,Hell's Kitchen,849.4,2,2,0,768.4,840.7,846.1,772.2542857142856,901.219642857143
2023-02-02,8,Hell's Kitchen,883.95,3,2,0,849.4,856.43,1046.25,773.4971428571428,903.6392857142856
2023-02-03,8,Hell's Kitchen,896.0,4,2,0,883.95,760.05,940.75,777.4285714285714,909.6767857142858
2023-02-04,8,Hell's Kitchen,844.65,5,2,1,896.0,699.65,1075.5,796.8500000000001,914.2767857142857
2023-02-05,8,Hell's Kitchen,709.35,6,2,1,844.65,612.15,621.45,817.5642857142857,907.8678571428572
2023-02-06,8,Hell's Kitchen,796.15,0,2,0,709.35,868.4,1026.1,831.45,902.0292857142857
2023-02-07,8,Hell's Kitchen,893.25,1,2,0,796.15,768.4,841.1,821.1285714285714,898.5203571428572
2023-02-08,8,Hell's Kitchen,949.93,2,2,0,893.25,849.4,840.7,838.9642857142857,901.5614285714286
2023-02-09,8,Hell's Kitchen,859.25,3,2,0,949.93,883.95,856.43,853.3257142857144,900.6821428571428
2023-02-10,8,Hell's Kitchen,1072.3,4,2,0,859.25,896.0,760.05,849.7971428571428,904.5160714285713
2023-02-11,8,Hell's Kitchen,1031.21,5,2,1,1072.3,844.65,699.65,874.982857142857,894.1482142857143
2023-02-12,8,Hell's Kitchen,1125.8,6,2,1,1031.21,709.35,612.15,901.6342857142857,890.1267857142857
2023-02-13,8,Hell's Kitchen,1185.15,0,2,0,1125.8,796.15,868.4,961.1271428571428,895.9614285714285
2023-02-14,8,Hell's Kitchen,1163.65,1,2,0,1185.15,893.25,768.4,1016.6985714285714,904.3185714285715
2023-02-15,8,Hell's Kitchen,850.25,2,2,0,1163.65,949.93,849.4,1055.327142857143,895.1096428571428
2023-02-16,8,Hell's Kitchen,908.23,3,2,0,850.25,859.25,883.95,1041.087142857143,895.257857142857
2023-02-17,8,Hell's Kitchen,637.6,4,2,0,908.23,1072.3,896.0,1048.0842857142857,890.3285714285713
2023-02-18,8,Hell's Kitchen,1049.5,5,2,1,637.6,1031.21,844.65,985.9842857142858,879.5017857142857
2023-02-19,8,Hell's Kitchen,1164.2,6,2,1,1049.5,1125.8,709.35,988.5971428571429,878.5732142857142
2023-02-20,8,Hell's Kitchen,1066.65,0,2,0,1164.2,1185.15,796.15,994.0828571428573,897.9571428571429
2023-02-21,8,Hell's Kitchen,958.65,1,2,0,1066.65,1163.65,893.25,977.1542857142857,899.405357142857
2023-02-22,8,Hell's Kitchen,830.7,2,2,0,958.65,850.25,949.93,947.8685714285715,903.6035714285715
2023-02-23,8,Hell's Kitchen,888.98,3,2,0,830.7,908.23,859.25,945.0757142857144,903.2464285714286
2023-02-24,8,Hell's Kitchen,815.1,4,2,0,888.98,637.6,1072.3,942.3257142857143,904.4089285714286
2023-02-25,8,Hell's Kitchen,853.35,5,2,1,815.1,1049.5,1031.21,967.6828571428572,906.375
2023-02-26,8,Hell's Kitchen,928.45,6,2,1,853.35,1164.2,1125.8,939.6614285714287,911.8642857142858
2023-02-27,8,Hell's Kitchen,758.9,0,2,0,928.45,1066.65,1185.15,905.9828571428571,923.1607142857143
2023-02-28,8,Hell's Kitchen,749.2,1,2,0,758.9,958.65,1163.65,862.0185714285715,919.25
2023-03-01,8,Hell's Kitchen,1040.45,2,3,0,749.2,830.7,850.25,832.0971428571429,918.5642857142857
2023-03-02,8,Hell's Kitchen,1020.75,3,3,0,1040.45,888.98,908.23,862.0614285714286,925.3875
2023-03-03,8,Hell's Kitchen,1037.55,4,3,0,1020.75,815.1,637.6,880.8857142857144,930.2732142857143
2023-03-04,8,Hell's Kitchen,868.4,5,3,1,1037.55,853.35,1049.5,912.6642857142857,935.3285714285714
2023-03-05,8,Hell's Kitchen,904.0,6,3,1,868.4,928.45,1164.2,914.8142857142857,936.1767857142858
2023-03-06,8,Hell's Kitchen,934.95,0,3,0,904.0,758.9,1066.65,911.3214285714286,943.1285714285714
2023-03-07,8,Hell's Kitchen,1136.05,1,3,0,934.95,749.2,958.65,936.4714285714286,948.0857142857142
2023-03-08,8,Hell's Kitchen,1184.08,2,3,0,1136.05,1040.45,830.7,991.7357142857144,956.757142857143
2023-03-09,8,Hell's Kitchen,1268.7,3,3,0,1184.08,1020.75,888.98,1012.2542857142856,965.1196428571429
2023-03-10,8,Hell's Kitchen,1252.18,4,3,0,1268.7,1037.55,815.1,1047.6757142857143,979.7428571428572
2023-03-11,8,Hell's Kitchen,1140.8,5,3,1,1252.18,868.4,853.35,1078.337142857143,986.1671428571428
2023-03-12,8,Hell's Kitchen,1278.05,6,3,1,1140.8,904.0,928.45,1117.2514285714285,990.0810714285715
2023-03-13,8,Hell's Kitchen,1440.9,0,3,0,1278.05,934.95,758.9,1170.6871428571428,995.5185714285715
2023-03-14,8,Hell's Kitchen,1379.83,1,3,0,1440.9,1136.05,749.2,1242.9657142857143,1004.6525
2023-03-15,8,Hell's Kitchen,1005.28,2,3,0,1379.83,1184.08,1040.45,1277.7914285714287,1012.3732142857143
2023-03-16,8,Hell's Kitchen,1142.43,3,3,0,1005.28,1268.7,1020.75,1252.2485714285715,1017.9100000000001
2023-03-17,8,Hell's Kitchen,788.45,4,3,0,1142.43,1252.18,1037.55,1234.2100000000003,1026.2742857142857
2023-03-18,8,Hell's Kitchen,1163.25,5,3,1,788.45,1140.8,868.4,1167.962857142857,1031.6617857142858
2023-03-19,8,Hell's Kitchen,1085.18,6,3,1,1163.25,1278.05,904.0,1171.17,1035.7242857142858
2023-03-20,8,Hell's Kitchen,1114.1,0,3,0,1085.18,1440.9,934.95,1143.6171428571429,1032.9021428571427
2023-03-21,8,Hell's Kitchen,1316.7,1,3,0,1114.1,1379.83,1136.05,1096.9314285714286,1034.5967857142857
2023-03-22,8,Hell's Kitchen,923.9,2,3,0,1316.7,1005.28,1184.08,1087.912857142857,1047.3842857142856
2023-03-23,8,Hell's Kitchen,1142.33,3,3,0,923.9,1142.43,1268.7,1076.287142857143,1050.712857142857
2023-03-24,8,Hell's Kitchen,1015.9,4,3,0,1142.33,788.45,1252.18,1076.2728571428572,1059.7610714285713
2023-03-25,8,Hell's Kitchen,1006.3,5,3,1,1015.9,1163.25,1140.8,1108.7657142857142,1066.9325000000001
2023-03-26,8,Hell's Kitchen,971.63,6,3,1,1006.3,1085.18,1278.05,1086.3442857142857,1072.395
2023-03-27,8,Hell's Kitchen,1060.6,0,3,0,971.63,1114.1,1440.9,1070.1228571428571,1073.9371428571428
2023-03-28,8,Hell's Kitchen,892.55,1,3,0,1060.6,1316.7,1379.83,1062.48,1084.712142857143
2023-03-29,8,Hell's Kitchen,672.9,2,3,0,892.55,923.9,1005.28,1001.8871428571427,1089.8317857142858
2023-03-30,8,Hell's Kitchen,998.98,3,3,0,672.9,1142.33,1142.43,966.03,1076.705
2023-03-31,8,Hell's Kitchen,923.4,4,3,0,998.98,1015.9,788.45,945.5514285714286,1075.9275
2023-04-01,8,Hell's Kitchen,1215.35,5,4,1,923.4,1006.3,1163.25,932.3371428571429,1071.8507142857143
2023-04-02,8,Hell's Kitchen,1222.3,6,4,1,1215.35,971.63,1085.18,962.2014285714286,1084.2417857142857
2023-04-03,8,Hell's Kitchen,1144.0,0,4,0,1222.3,1060.6,1114.1,998.0114285714286,1095.609642857143
2023-04-04,8,Hell's Kitchen,1084.55,1,4,0,1144.0,892.55,1316.7,1009.9257142857142,1103.0757142857142
2023-04-05,8,Hell's Kitchen,1108.3,2,4,0,1084.55,672.9,923.9,1037.3542857142857,1101.2364285714286
2023-04-06,8,Hell's Kitchen,1167.0,3,4,0,1108.3,998.98,1142.33,1099.5542857142857,1098.53
2023-04-07,8,Hell's Kitchen,1529.45,4,4,0,1167.0,923.4,1015.9,1123.5571428571427,1094.8978571428572
2023-04-08,8,Hell's Kitchen,1427.78,5,4,1,1529.45,1215.35,1006.3,1210.1357142857144,1104.8003571428571
2023-04-09,8,Hell's Kitchen,1431.4,6,4,1,1427.78,1222.3,971.63,1240.482857142857,1115.0496428571428
2023-04-10,8,Hell's Kitchen,1411.05,0,4,0,1431.4,1144.0,1060.6,1270.3542857142857,1120.5264285714286
2023-04-11,8,Hell's Kitchen,1362.03,1,4,0,1411.05,1084.55,892.55,1308.5042857142855,1119.4603571428572
2023-04-12,8,Hell's Kitchen,1569.0,2,4,0,1362.03,1108.3,672.9,1348.1442857142858,1118.8246428571429
2023-04-13,8,Hell's Kitchen,1797.4,3,4,0,1569.0,1167.0,998.98,1413.9585714285713,1138.9575
2023-04-14,8,Hell's Kitchen,1818.46,4,4,0,1797.4,1529.45,923.4,1504.015714285714,1162.3492857142858
2023-04-15,8,Hell's Kitchen,1229.08,5,4,1,1818.46,1427.78,1215.35,1545.3028571428572,1199.1353571428572
2023-04-16,8,Hell's Kitchen,1555.43,6,4,1,1229.08,1431.4,1222.3,1516.9171428571428,1201.4864285714286
2023-04-17,8,Hell's Kitchen,1638.45,0,4,0,1555.43,1411.05,1144.0,1534.6357142857144,1218.2810714285715
2023-04-18,8,Hell's Kitchen,1580.6,1,4,0,1638.45,1362.03,1084.55,1567.1214285714286,1237.0078571428571
2023-04-19,8,Hell's Kitchen,1449.18,2,4,0,1580.6,1569.0,1108.3,1598.3457142857144,1246.432857142857
2023-04-20,8,Hell's Kitchen,1317.4,3,4,0,1449.18,1797.4,1167.0,1581.2285714285715,1265.1928571428568
2023-04-21,8,Hell's Kitchen,1521.85,4,4,0,1317.4,1818.46,1529.45,1512.6571428571428,1271.4453571428571
2023-04-22,8,Hell's Kitchen,1035.45,5,4,1,1521.85,1229.08,1427.78,1470.2842857142857,1289.5149999999999
2023-04-23,8,Hell's Kitchen,1414.48,6,4,1,1035.45,1555.43,1431.4,1442.6228571428571,1290.5560714285714
2023-04-24,8,Hell's Kitchen,1166.75,0,4,0,1414.48,1638.45,1411.05,1422.4871428571428,1306.3721428571428
2023-04-25,8,Hell's Kitchen,1284.55,1,4,0,1166.75,1580.6,1362.03,1355.1014285714286,1310.1632142857143
2023-04-26,8,Hell's Kitchen,1427.5,2,4,0,1284.55,1449.18,1569.0,1312.8085714285714,1324.1632142857143
2023-04-27,8,Hell's Kitchen,1301.45,3,4,0,1427.5,1317.4,1797.4,1309.7114285714285,1351.1132142857143
2023-04-28,8,Hell's Kitchen,1089.95,4,4,0,1301.45,1521.85,1818.46,1307.4328571428573,1361.9157142857143
2023-04-29,8,Hell's Kitchen,892.55,5,4,1,1089.95,1035.45,1229.08,1245.7328571428573,1367.8639285714287
2023-04-30,8,Hell's Kitchen,1111.4,6,4,1,892.55,1414.48,1555.43,1225.3185714285714,1356.3353571428572
2023-05-01,8,Hell's Kitchen,1598.4,0,5,0,1111.4,1166.75,1638.45,1182.0214285714285,1352.3746428571428
2023-05-02,8,Hell's Kitchen,1590.55,1,5,0,1598.4,1284.55,1580.6,1243.685714285714,1368.6032142857143
2023-05-03,8,Hell's Kitchen,1552.5,2,5,0,1590.55,1427.5,1449.18,1287.4,1386.6746428571428
2023-05-04,8,Hell's Kitchen,1448.55,3,5,0,1552.5,1301.45,1317.4,1305.257142857143,1402.5389285714284
2023-05-05,8,Hell's Kitchen,1445.7,4,5,0,1448.55,1089.95,1521.85,1326.2714285714285,1412.5942857142857
2023-05-06,8,Hell's Kitchen,1433.1,5,5,1,1445.7,892.55,1035.45,1377.0928571428574,1409.6032142857143
2023-05-07,8,Hell's Kitchen,1957.55,6,5,1,1433.1,1111.4,1414.48,1454.314285714286,1409.7932142857146
2023-05-08,8,Hell's Kitchen,1767.38,0,5,0,1957.55,1598.4,1166.75,1575.1928571428573,1428.5842857142857
2023-05-09,8,Hell's Kitchen,1916.2,1,5,0,1767.38,1590.55,1284.55,1599.3328571428572,1441.3103571428571
2023-05-10,8,Hell's Kitchen,1942.63,2,5,0,1916.2,1552.5,1427.5,1645.8542857142857,1461.1021428571428
2023-05-11,8,Hell's Kitchen,1905.31,3,5,0,1942.63,1448.55,1301.45,1701.587142857143,1474.4460714285713
2023-05-12,8,Hell's Kitchen,1896.4,4,5,0,1905.31,1445.7,1089.95,1766.8385714285716,1478.3
2023-05-13,8,Hell's Kitchen,2312.6,5,5,1,1896.4,1433.1,892.55,1831.2242857142858,1481.0835714285713
2023-05-14,8,Hell's Kitchen,1979.71,6,5,1,2312.6,1957.55,1111.4,1956.867142857143,1519.7807142857143
2023-05-15,8,Hell's Kitchen,1592.65,0,5,0,1979.71,1767.38,1598.4,1960.032857142857,1534.9335714285714
2023-05-16,8,Hell's Kitchen,1815.78,1,5,0,1592.65,1916.2,1590.55,1935.0714285714287,1533.2978571428573
2023-05-17,8,Hell's Kitchen,1791.35,2,5,0,1815.78,1942.63,1552.5,1920.7257142857143,1541.697142857143
2023-05-18,8,Hell's Kitchen,1949.33,3,5,0,1791.35,1905.31,1448.55,1899.1142857142859,1553.9175
2023-05-19,8,Hell's Kitchen,1908.83,4,5,0,1949.33,1896.4,1445.7,1905.402857142857,1576.4864285714286
2023-05-20,8,Hell's Kitchen,1883.15,5,5,1,1908.83,2312.6,1433.1,1907.1785714285713,1590.3071428571427
2023-05-21,8,Hell's Kitchen,2085.08,6,5,1,1883.15,1979.71,1957.55,1845.8285714285714,1620.5821428571428
2023-05-22,8,Hell's Kitchen,1510.95,0,5,0,2085.08,1592.65,1767.38,1860.8814285714286,1644.5321428571428
2023-05-23,8,Hell's Kitchen,1835.93,1,5,0,1510.95,1815.78,1916.2,1849.2100000000003,1656.825
2023-05-24,8,Hell's Kitchen,1533.2,2,5,0,1835.93,1791.35,1942.63,1852.0885714285712,1676.5171428571427
2023-05-25,8,Hell's Kitchen,1597.4,3,5,0,1533.2,1949.33,1905.31,1815.2099999999998,1680.2921428571428
2023-05-26,8,Hell's Kitchen,1507.3,4,5,0,1597.4,1908.83,1896.4,1764.9342857142856,1690.8617857142858
2023-05-27,8,Hell's Kitchen,1655.25,5,5,1,1507.3,1883.15,2312.6,1707.5728571428572,1705.7671428571427
2023-05-28,8,Hell's Kitchen,1264.75,6,5,1,1655.25,2085.08,1979.71,1675.0157142857145,1733.0064285714286
2023-05-29,8,Hell's Kitchen,1125.15,0,5,0,1264.75,1510.95,1592.65,1557.8257142857144,1738.4832142857142
2023-05-30,8,Hell's Kitchen,1432.5,1,5,0,1125.15,1835.93,1815.78,1502.7114285714285,1721.5814285714284
2023-05-31,8,Hell's Kitchen,1363.75,2,5,0,1432.5,1533.2,1791.35,1445.0785714285714,1715.9367857142859
2023-06-01,8,Hell's Kitchen,1829.2,3,6,0,1363.75,1597.4,1949.33,1420.8714285714286,1709.1957142857143
2023-06-02,8,Hell's Kitchen,1701.6,4,6,0,1829.2,1507.3,1908.83,1453.9857142857145,1722.7903571428571
2023-06-03,8,Hell's Kitchen,1612.8,5,6,1,1701.6,1655.25,1883.15,1481.742857142857,1731.929642857143
2023-06-04,8,Hell's Kitchen,1628.9,6,6,1,1612.8,1264.75,2085.08,1475.6785714285713,1738.3474999999999
2023-06-05,8,Hell's Kitchen,1531.7,0,6,0,1628.9,1125.15,1510.95,1527.7,1726.6100000000001
2023-06-06,8,Hell's Kitchen,1611.4,1,6,0,1531.7,1432.5,1835.93,1585.7785714285715,1718.1928571428568
2023-06-07,8,Hell's Kitchen,2045.5,2,6,0,1611.4,1363.75,1533.2,1611.3357142857144,1707.3071428571427
2023-06-08,8,Hell's Kitchen,2028.11,3,6,0,2045.5,1829.2,1597.4,1708.7285714285715,1710.9810714285716
2023-06-09,8,Hell's Kitchen,2189.6,4,6,0,2028.11,1701.6,1507.3,1737.1442857142854,1715.3667857142857
2023-06-10,8,Hell's Kitchen,1990.7,5,6,1,2189.6,1612.8,1655.25,1806.8585714285714,1725.838214285714
2023-06-11,8,Hell's Kitchen,2002.53,6,6,1,1990.7,1628.9,1264.75,1860.8442857142857,1714.3417857142856
2023-06-12,8,Hell's Kitchen,2106.6,0,6,0,2002.53,1531.7,1125.15,1914.22,1715.1567857142857
2023-06-13,8,Hell's Kitchen,2534.8,1,6,0,2106.6,1611.4,1432.5,1996.3485714285712,1733.5121428571426
2023-06-14,8,Hell's Kitchen,2496.61,2,6,0,2534.8,2045.5,1363.75,2128.2628571428572,1759.1914285714286
2023-06-15,8,Hell's Kitchen,1788.18,3,6,0,2496.61,2028.11,1829.2,2192.707142857143,1784.3792857142857
2023-06-16,8,Hell's Kitchen,1975.95,4,6,0,1788.18,2189.6,1701.6,2158.4314285714286,1778.6239285714287
2023-06-17,8,Hell's Kitchen,2320.1,5,6,1,1975.95,1990.7,1612.8,2127.9100000000003,1781.0210714285715
2023-06-18,8,Hell's Kitchen,2175.93,6,6,1,2320.1,2002.53,1628.9,2174.967142857143,1796.6264285714285
2023-06-19,8,Hell's Kitchen,2124.08,0,6,0,2175.93,2106.6,1531.7,2199.7385714285715,1799.8710714285714
2023-06-20,8,Hell's Kitchen,1885.65,1,6,0,2124.08,2534.8,1611.4,2202.2357142857145,1821.7685714285715
2023-06-21,8,Hell's Kitchen,2303.83,2,6,0,1885.65,2496.61,2045.5,2109.5,1823.544285714286
2023-06-22,8,Hell's Kitchen,1557.1,3,6,0,2303.83,1788.18,2028.11,2081.96,1851.0667857142855
2023-06-23,8,Hell's Kitchen,1984.08,4,6,0,1557.1,1975.95,2189.6,2048.9485714285715,1849.6275
2023-06-24,8,Hell's Kitchen,1690.8,5,6,1,1984.08,2320.1,1990.7,2050.11,1866.6553571428572
2023-06-25,8,Hell's Kitchen,1769.2,6,6,1,1690.8,2175.93,2002.53,1960.2099999999998,1867.925
2023-06-26,8,Hell's Kitchen,1746.1,0,6,0,1769.2,2124.08,2106.6,1902.1057142857146,1885.9410714285714
2023-06-27,8,Hell's Kitchen,1676.7,1,6,0,1746.1,1885.65,2534.8,1848.1085714285712,1908.1178571428572
2023-06-28,8,Hell's Kitchen,1445.85,2,6,0,1676.7,2303.83,2496.61,1818.2585714285713,1916.8392857142858
2023-06-29,8,Hell's Kitchen,1298.55,3,6,0,1445.85,1557.1,1788.18,1695.69,1919.7714285714285
2023-06-30,8,Hell's Kitchen,1904.93,4,6,0,1298.55,1984.08,1975.95,1658.7542857142855,1900.819642857143
